timestamp,city,dominentpol,temperature,humidity,pm1,pm10,pm25,aqi
2025-10-30 19:02:57,"NED University, Karachi",pm25,31.6,29.98,96,56,148,148
2025-10-30 19:07:07,"NED University, Karachi",pm25,31.58,29.85,96,56,150,150
2025-10-30 20:08:54,"NED University, Karachi",pm25,31.1,30.57,125,61,159,159
2025-10-30 21:10:20,"NED University, Karachi",pm25,30.65,30.2,113,61,158,158
2025-10-30 22:06:42,"NED University, Karachi",pm25,30.32,31.48,113,59,156,156
2025-10-30 23:11:07,"NED University, Karachi",pm25,29.8,31.47,105,59,154,154
2025-10-30 23:59:35,"NED University, Karachi",pm25,29.45,30.85,93,55,139,139
2025-10-31 01:06:40,"NED University, Karachi",pm25,29.18,31.42,94,54,139,139
2025-10-31 02:05:09,"NED University, Karachi",pm25,28.7,31.47,94,54,140,140
2025-10-31 03:06:12,"NED University, Karachi",pm25,28.78,32.34,94,56,149,149
2025-10-31 04:05:44,"NED University, Karachi",pm25,28.33,34.13,94,56,149,149
2025-10-31 05:40:58,"NED University, Karachi",pm25,28.05,34.78,98,57,152,152
2025-10-31 07:21:21,"NED University, Karachi",pm25,27.5,35.73,105,59,156,156
2025-10-31 08:35:00,"NED University, Karachi",pm25,28.3,35.62,125,62,162,162
2025-10-31 09:10:50,"NED University, Karachi",pm25,28.8,35.68,128,66,166,166
2025-10-31 10:08:19,"NED University, Karachi",pm25,30.3,33.93,151,76,175,175
2025-10-31 11:12:11,"NED University, Karachi",pm25,31.72,31.1,158,88,188,188
2025-10-31 12:06:08,"NED University, Karachi",pm25,32.7,26.13,156,85,185,185
2025-10-31 13:09:43,"NED University, Karachi",pm25,33.55,23.87,152,76,174,174
2025-10-31 14:07:50,"NED University, Karachi",pm25,33.98,22.83,134,68,167,167
2025-10-31 15:08:16,"NED University, Karachi",pm25,33.75,22.58,140,72,170,170
2025-10-31 16:05:24,"NED University, Karachi",pm25,33.65,22.32,124,64,163,163
2025-10-31 17:16:09,"NED University, Karachi",pm25,32.66,33.63,165,99,199,199
2025-10-31 18:21:02,"NED University, Karachi",pm25,31.63,34.03,176,113,225,225
2025-10-31 19:07:39,"NED University, Karachi",pm25,30.9,36.93,175,112,221,221
2025-10-31 20:07:23,"NED University, Karachi",pm25,30.43,38.65,172,106,211,211
2025-10-31 21:08:31,"NED University, Karachi",pm25,29.55,40.28,181,118,232,232
2025-10-31 22:06:56,"NED University, Karachi",pm25,28.82,41.07,177,114,225,225
2025-10-31 23:11:29,"NED University, Karachi",pm25,28.52,39.83,184,123,243,243
2025-11-01 00:00:34,"NED University, Karachi",pm25,28.2,40.53,181,118,233,233
2025-11-01 01:07:37,"NED University, Karachi",pm25,27.97,42.12,183,126,248,248
2025-11-01 02:05:40,"NED University, Karachi",pm25,28,42.12,172,108,213,213
2025-11-01 03:06:17,"NED University, Karachi",pm25,27.6,40.45,163,91,190,190
2025-11-01 04:07:18,"NED University, Karachi",pm25,27.3,39.41,160,89,186,186
2025-11-01 05:43:37,"NED University, Karachi",pm25,26.7,36.87,129,63,162,162
2025-11-01 07:23:05,"NED University, Karachi",pm25,26.3,36.3,113,61,158,158
2025-11-01 08:34:02,"NED University, Karachi",pm25,27.4,35.02,149,70,170,170
2025-11-01 09:07:42,"NED University, Karachi",pm25,28.3,33.18,157,86,186,186
2025-11-01 10:07:17,"NED University, Karachi",pm25,29.9,30.53,153,79,178,178
2025-11-01 11:09:22,"NED University, Karachi",pm25,31.32,28.18,157,84,183,183
2025-11-01 12:05:50,"NED University, Karachi",pm25,31.9,29.3,163,96,196,196
2025-11-01 13:08:01,"NED University, Karachi",pm25,32.59,27.43,148,73,172,172
2025-11-01 14:06:38,"NED University, Karachi",pm25,33.08,27.08,155,81,180,180
2025-11-01 15:06:53,"NED University, Karachi",pm25,32.9,28.37,157,86,186,186
2025-11-01 16:02:22,"NED University, Karachi",pm25,32.47,29.8,152,80,179,179
2025-11-01 17:11:46,"NED University, Karachi",pm25,32.07,29.47,156,87,186,186
2025-11-01 18:13:28,"NED University, Karachi",pm25,31.4,32.3,160,88,188,188
2025-11-01 19:05:53,"NED University, Karachi",pm25,30.48,35.57,163,96,195,195
2025-11-01 20:04:53,"NED University, Karachi",pm25,30.12,35.32,172,108,216,216
2025-11-01 21:06:46,"NED University, Karachi",pm25,29.4,36.45,177,116,231,231
2025-11-01 22:01:36,"NED University, Karachi",pm25,28.57,38.28,190,138,271,271
2025-11-01 23:08:08,"NED University, Karachi",pm25,27.9,39.45,194,150,291,291
2025-11-02 00:00:17,"NED University, Karachi",pm25,27.9,38.48,183,127,251,251
2025-11-02 01:07:17,"NED University, Karachi",pm25,27.4,39.13,196,152,298,298
2025-11-02 02:03:42,"NED University, Karachi",pm25,27,40.34,199,156,307,307
2025-11-02 03:04:44,"NED University, Karachi",pm25,26.8,39.13,173,115,226,226
2025-11-02 04:05:19,"NED University, Karachi",pm25,26.4,39.78,176,116,229,229
2025-11-02 05:43:00,"NED University, Karachi",pm25,25.95,40.43,171,109,217,217
2025-11-02 07:25:46,"NED University, Karachi",pm25,25.72,38.57,133,66,166,166
2025-11-02 08:37:48,"NED University, Karachi",pm25,27.3,37.63,176,113,223,223
2025-11-02 09:10:24,"NED University, Karachi",pm25,27.88,32.93,184,122,240,240
2025-11-02 10:06:53,"NED University, Karachi",pm25,29.8,29.53,173,102,202,202
2025-11-02 11:11:00,"NED University, Karachi",pm25,31.6,23.9,134,64,163,163
2025-11-02 12:05:32,"NED University, Karachi",pm25,32.15,25.5,101,58,153,153
2025-11-02 12:42:22,"NED University, Karachi",pm25,32.59,25.23,107,59,155,155
2025-11-02 14:07:14,"NED University, Karachi",pm25,33.25,23.4,98,57,151,151
2025-11-02 15:04:57,"NED University, Karachi",pm25,33.09,27.1,87,52,130,130
2025-11-02 15:59:54,"NED University, Karachi",pm25,32.72,26.62,87,52,130,130
2025-11-02 17:12:50,"NED University, Karachi",pm25,32.22,28.42,105,58,155,155
2025-11-02 18:13:10,"NED University, Karachi",pm25,31.7,28.83,111,59,155,155
2025-11-02 19:06:31,"NED University, Karachi",pm25,30.88,28.92,93,53,135,135
2025-11-02 20:04:08,"NED University, Karachi",pm25,29.82,31.77,103,58,152,152
2025-11-02 21:06:34,"NED University, Karachi",pm25,29.3,34.22,158,78,177,177
2025-11-02 22:04:51,"NED University, Karachi",pm25,28.7,36.88,163,87,186,186
2025-11-02 23:10:19,"NED University, Karachi",pm25,28.62,39.28,133,63,161,161
2025-11-02 23:59:52,"NED University, Karachi",pm25,28.23,42.5,140,64,163,163
2025-11-03 01:06:38,"NED University, Karachi",pm25,27.73,52.6,108,61,158,158
2025-11-03 02:05:07,"NED University, Karachi",pm25,27.6,52.85,83,48,123,123
2025-11-03 03:05:40,"NED University, Karachi",pm25,27.7,50.55,82,46,120,120
2025-11-03 04:05:04,"NED University, Karachi",pm25,27.3,51.1,85,51,130,130
2025-11-03 05:43:16,"NED University, Karachi",pm25,26.6,51.53,156,76,176,176
2025-11-03 07:26:43,"NED University, Karachi",pm25,27.3,56.37,82,48,121,121
2025-11-03 08:41:49,"NED University, Karachi",pm25,27.8,55.08,96,56,147,147
2025-11-03 09:16:19,"NED University, Karachi",pm25,28,54.27,96,56,144,144
2025-11-03 10:08:10,"NED University, Karachi",pm25,29.45,48.58,83,49,120,120
2025-11-03 11:12:14,"NED University, Karachi",pm25,30.7,44.5,84,49,123,123
2025-11-03 12:09:37,"NED University, Karachi",pm25,31.48,42.53,100,56,147,147
2025-11-03 13:12:05,"NED University, Karachi",pm25,32,45.78,83,49,122,122
2025-11-03 14:10:30,"NED University, Karachi",pm25,32.15,44.62,75,42,107,107
2025-11-03 15:08:26,"NED University, Karachi",pm25,32.03,45.02,74,41,106,106
2025-11-03 16:06:08,"NED University, Karachi",pm25,31.38,45.83,73,38,99,99
2025-11-03 17:16:07,"NED University, Karachi",pm25,30.5,46.83,68,34,95,95
2025-11-03 18:20:40,"NED University, Karachi",pm25,30,48.87,70,34,94,94
2025-11-03 19:07:48,"NED University, Karachi",pm25,30,50.72,70,33,92,92
2025-11-03 20:08:51,"NED University, Karachi",pm25,29.8,52,72,40,105,105
2025-11-03 21:09:31,"NED University, Karachi",pm25,29.1,54.32,85,50,125,125
2025-11-03 22:06:13,"NED University, Karachi",pm25,29.3,52.73,74,40,104,104
2025-11-03 23:11:58,"NED University, Karachi",pm25,29.03,52.32,88,50,126,126
2025-11-04 00:03:47,"NED University, Karachi",pm25,29,51.72,74,41,105,105
2025-11-04 01:08:28,"NED University, Karachi",pm25,29.1,53.72,71,35,98,98
2025-11-04 02:05:52,"NED University, Karachi",pm25,28.88,55.13,95,54,140,140
2025-11-04 03:07:16,"NED University, Karachi",pm25,28.4,56.65,79,44,116,116
2025-11-04 04:06:32,"NED University, Karachi",pm25,27.8,56.3,79,42,111,111
2025-11-04 05:15:15,"NED University, Karachi",pm25,27.2,55.25,88,51,126,126
2025-11-04 07:22:01,"NED University, Karachi",pm25,26.5,53.28,128,60,157,157
2025-11-04 08:33:58,"NED University, Karachi",pm25,27.9,46.65,171,95,196,196
2025-11-04 09:09:22,"NED University, Karachi",pm25,28.5,35.65,96,54,138,138
2025-11-04 10:08:47,"NED University, Karachi",pm25,30.4,28.25,78,40,104,104
2025-11-04 11:12:32,"NED University, Karachi",pm25,32.28,20.83,70,33,93,93
2025-11-04 12:08:37,"NED University, Karachi",pm25,33.15,20.23,48,23,77,77
2025-11-04 13:11:43,"NED University, Karachi",pm25,33.95,18.65,42,23,78,78
2025-11-04 14:09:06,"NED University, Karachi",pm25,34.15,17.32,39,20,64,64
2025-11-04 15:08:58,"NED University, Karachi",pm25,33.98,19.29,33,22,72,72
2025-11-04 16:05:21,"NED University, Karachi",pm25,33.27,18.15,39,22,71,71
2025-11-04 17:17:18,"NED University, Karachi",pm25,32.28,18.43,68,36,91,91
2025-11-04 18:25:06,"NED University, Karachi",pm25,31.7,22.33,75,42,107,107
2025-11-04 19:08:16,"NED University, Karachi",pm25,31.13,24.25,82,50,121,121
2025-11-04 20:08:50,"NED University, Karachi",pm25,30.8,24.32,77,45,113,113
2025-11-04 21:09:24,"NED University, Karachi",pm25,30.6,22.65,110,61,156,156
2025-11-04 22:04:34,"NED University, Karachi",pm25,30.1,20.85,83,53,127,127
2025-11-04 23:11:20,"NED University, Karachi",pm25,30.18,18.37,84,55,134,134
2025-11-05 00:05:06,"NED University, Karachi",pm25,29.43,20.04,95,59,151,151
2025-11-05 01:08:38,"NED University, Karachi",pm25,28.6,18.43,83,54,130,130
2025-11-05 02:06:59,"NED University, Karachi",pm25,28.32,18.75,112,65,161,161
2025-11-05 02:59:05,"NED University, Karachi",pm25,28.02,19.04,93,59,152,152
2025-11-05 04:04:45,"NED University, Karachi",pm25,27.5,23.33,83,54,131,131
2025-11-05 05:42:39,"NED University, Karachi",pm25,26.8,25.02,68,40,97,97
2025-11-05 07:22:40,"NED University, Karachi",pm25,26.3,20.43,30,27,78,78
2025-11-05 08:36:02,"NED University, Karachi",pm25,27.4,19.58,70,40,98,98
2025-11-05 09:10:23,"NED University, Karachi",pm25,28.4,19.79,62,37,94,94
2025-11-05 10:08:50,"NED University, Karachi",pm25,30.4,19.37,65,35,91,91
2025-11-05 10:49:34,"NED University, Karachi",pm25,31.73,19.45,57,26,82,82
2025-11-05 13:11:06,"NED University, Karachi",pm25,33.4,14.45,13,18,51,51
2025-11-05 14:09:29,"NED University, Karachi",pm25,33.7,14.13,18,15,55,55
2025-11-05 15:08:30,"NED University, Karachi",pm25,33.58,13.43,17,15,43,43
2025-11-05 16:06:11,"NED University, Karachi",pm25,33.4,13.72,34,33,81,81
2025-11-05 17:15:53,"NED University, Karachi",pm25,32.53,17.58,57,33,91,91
2025-11-05 18:22:47,"NED University, Karachi",pm25,31.05,21.6,89,52,129,129
2025-11-05 19:06:51,"NED University, Karachi",pm25,30.78,26.65,119,61,156,156
2025-11-05 20:07:42,"NED University, Karachi",pm25,29.9,28.6,152,70,168,168
2025-11-05 21:09:46,"NED University, Karachi",pm25,29.05,27.85,166,88,187,187
2025-11-05 22:07:03,"NED University, Karachi",pm25,28.4,25.78,157,78,176,176
2025-11-05 23:11:22,"NED University, Karachi",pm25,27.82,24.93,141,65,163,163
2025-11-06 00:05:56,"NED University, Karachi",pm25,27.38,23.93,154,77,175,175
2025-11-06 01:08:23,"NED University, Karachi",pm25,26.7,25.05,102,58,152,152
2025-11-06 02:05:47,"NED University, Karachi",pm25,26.4,24.92,152,75,172,172
2025-11-06 03:07:21,"NED University, Karachi",pm25,25.9,24.8,93,55,141,141
2025-11-06 04:05:48,"NED University, Karachi",pm25,25.5,25.8,135,68,165,165
2025-11-06 05:41:12,"NED University, Karachi",pm25,22.7,28.47,89,55,142,142
2025-11-06 07:24:26,"NED University, Karachi",pm25,24.6,26.12,77,48,116,116
2025-11-06 08:38:36,"NED University, Karachi",pm25,26,26.6,96,58,151,151
2025-11-06 09:14:03,"NED University, Karachi",pm25,27,23.33,103,58,151,151
2025-11-06 10:07:23,"NED University, Karachi",pm25,28.1,22.17,117,60,155,155
2025-11-06 11:12:35,"NED University, Karachi",pm25,29.6,21.93,78,45,113,113
2025-11-06 12:08:38,"NED University, Karachi",pm25,30.3,20.46,71,38,98,98
2025-11-06 13:10:50,"NED University, Karachi",pm25,31.18,18.82,72,39,100,100
2025-11-06 14:09:13,"NED University, Karachi",pm25,31.6,17.7,82,47,118,118
2025-11-06 15:09:39,"NED University, Karachi",pm25,31.6,21.6,96,56,142,142
2025-11-06 16:06:03,"NED University, Karachi",pm25,31,23.2,102,59,154,154
2025-11-06 17:15:00,"NED University, Karachi",pm25,30.6,28.55,128,63,161,161
2025-11-06 18:23:00,"NED University, Karachi",pm25,30.1,32.5,138,65,162,162
2025-11-06 19:08:40,"NED University, Karachi",pm25,29.8,37.25,153,72,170,170
2025-11-06 20:08:47,"NED University, Karachi",pm25,29.28,40.77,143,65,163,163
2025-11-06 21:09:53,"NED University, Karachi",pm25,28.3,43.52,150,68,166,166
2025-11-06 22:08:12,"NED University, Karachi",pm25,27.58,44.58,154,75,174,174
2025-11-06 23:12:43,"NED University, Karachi",pm25,27.28,46.17,140,65,164,164
2025-11-07 00:05:22,"NED University, Karachi",pm25,26.73,46.72,151,74,171,171
2025-11-07 01:07:17,"NED University, Karachi",pm25,26.58,47.9,153,75,173,173
2025-11-07 02:05:41,"NED University, Karachi",pm25,26.2,49.22,137,66,164,164
2025-11-07 03:06:10,"NED University, Karachi",pm25,25.78,48.85,151,72,170,170
2025-11-07 04:07:44,"NED University, Karachi",pm25,25.47,47.1,159,82,181,181
2025-11-07 05:41:40,"NED University, Karachi",pm25,24.65,43.33,119,61,157,157
2025-11-07 07:21:51,"NED University, Karachi",pm25,24.1,44.38,125,62,159,159
2025-11-07 08:34:53,"NED University, Karachi",pm25,25.68,37.08,154,76,174,174
2025-11-07 09:10:21,"NED University, Karachi",pm25,26.8,33.97,190,133,260,260
2025-11-07 10:07:40,"NED University, Karachi",pm25,28.08,29.45,179,117,228,228
2025-11-07 11:12:21,"NED University, Karachi",pm25,29.4,24.15,130,61,158,158
2025-11-07 12:08:04,"NED University, Karachi",pm25,30.2,21.5,88,51,126,126
2025-11-07 13:11:48,"NED University, Karachi",pm25,30.9,19.45,73,42,106,106
2025-11-07 14:09:00,"NED University, Karachi",pm25,30.9,22.4,77,44,113,113
2025-11-07 15:09:15,"NED University, Karachi",pm25,30.9,22.75,71,40,102,102
2025-11-07 16:05:44,"NED University, Karachi",pm25,30.5,21.95,66,37,99,99
2025-11-07 17:13:46,"NED University, Karachi",pm25,30.07,21.1,53,27,83,83
2025-11-07 18:19:24,"NED University, Karachi",pm25,29.6,20.65,66,33,94,94
2025-11-07 19:07:19,"NED University, Karachi",pm25,28.7,23.43,82,47,115,115
2025-11-07 20:07:03,"NED University, Karachi",pm25,28.1,24.23,99,57,151,151
2025-11-07 21:07:54,"NED University, Karachi",pm25,27.5,27.83,108,59,154,154
2025-11-07 22:05:39,"NED University, Karachi",pm25,26.72,30.77,125,61,157,157
2025-11-08 03:03:39,"NED University, Karachi",pm25,24.9,40.13,153,70,169,169
2025-11-08 03:09:56,"NED University, Karachi",pm25,24.9,40.12,152,71,168,168
2025-11-08 04:09:26,"NED University, Karachi",pm25,24.7,39.88,155,78,175,175
2025-11-08 05:54:51,"NED University, Karachi",pm25,24.13,43.78,147,64,163,163
2025-11-08 07:09:57,"NED University, Karachi",pm25,23.7,45.42,140,63,162,162
2025-11-08 08:29:03,"NED University, Karachi",pm25,24.37,44.42,100,57,150,150
2025-11-08 09:11:47,"NED University, Karachi",pm25,26.4,42.53,135,62,161,161
2025-11-08 10:10:09,"NED University, Karachi",pm25,27.82,41.43,72,36,95,95
2025-11-08 11:15:47,"NED University, Karachi",pm25,28.7,40.88,68,34,94,94
2025-11-08 12:09:02,"NED University, Karachi",pm25,29.37,40.8,35,21,70,70
2025-11-08 13:13:42,"NED University, Karachi",pm25,29.75,39.98,22,20,67,67
2025-11-08 14:09:01,"NED University, Karachi",pm25,29.9,39.02,24,20,66,66
2025-11-08 15:09:42,"NED University, Karachi",pm25,29.9,39.66,24,21,69,69
2025-11-08 16:07:48,"NED University, Karachi",pm25,29.6,39.93,26,26,74,74
2025-11-08 17:19:51,"NED University, Karachi",pm25,28.8,41.33,24,19,65,65
2025-11-08 18:16:52,"NED University, Karachi",pm25,28.4,43.02,42,28,82,82
2025-11-08 19:07:52,"NED University, Karachi",pm25,28.3,42.62,70,33,95,95
2025-11-08 20:08:54,"NED University, Karachi",pm25,27.9,43.47,45,25,79,79
2025-11-08 21:10:58,"NED University, Karachi",pm25,27.8,43.8,79,43,109,109
2025-11-08 22:07:56,"NED University, Karachi",pm25,27.6,44.9,79,45,112,112
2025-11-08 22:44:57,"NED University, Karachi",pm25,27.4,44.97,82,45,111,111
2025-11-09 03:08:29,"NED University, Karachi",pm25,25.4,49.18,136,63,161,161
2025-11-09 04:09:32,"NED University, Karachi",pm25,25.2,49.68,140,63,161,161
2025-11-09 06:01:34,"NED University, Karachi",pm25,24.4,50.13,90,52,129,129
2025-11-09 08:05:35,"NED University, Karachi",pm25,24.5,50.33,78,42,107,107
2025-11-09 09:12:36,"NED University, Karachi",pm25,25.02,49.8,151,65,164,164
2025-11-09 10:09:37,"NED University, Karachi",pm25,26.7,46.17,177,103,206,206
2025-11-09 11:15:38,"NED University, Karachi",pm25,27.82,42.07,171,94,195,195
2025-11-09 12:08:39,"NED University, Karachi",pm25,28.6,38.03,99,56,146,146
2025-11-09 13:12:40,"NED University, Karachi",pm25,29.5,35.7,75,40,101,101
2025-11-09 14:09:41,"NED University, Karachi",pm25,30,38.59,80,44,113,113
2025-11-09 15:09:41,"NED University, Karachi",pm25,29.8,38.72,56,25,82,82
2025-11-09 16:07:42,"NED University, Karachi",pm25,29.12,40.12,26,15,57,57
2025-11-09 17:19:44,"NED University, Karachi",pm25,28.6,41.03,19,14,51,51
2025-11-09 18:15:45,"NED University, Karachi",pm25,28.23,40.73,26,17,61,61
2025-11-09 19:07:45,"NED University, Karachi",pm25,28,39.87,43,24,76,76
2025-11-09 20:08:46,"NED University, Karachi",pm25,27.87,39.98,39,22,71,71
2025-11-09 21:11:47,"NED University, Karachi",pm25,27,43.05,72,36,96,96
2025-11-09 22:08:49,"NED University, Karachi",pm25,26.7,44.62,72,36,99,99
2025-11-09 23:13:52,"NED University, Karachi",pm25,26.2,45.93,84,49,118,118
2025-11-10 00:06:50,"NED University, Karachi",pm25,25.78,46.83,104,57,151,151
2025-11-10 01:10:51,"NED University, Karachi",pm25,25.5,46.63,140,65,163,163
2025-11-10 02:07:52,"NED University, Karachi",pm25,25.2,46.57,155,75,173,173
2025-11-10 03:08:53,"NED University, Karachi",pm25,24.83,47.23,153,72,171,171
2025-11-10 04:08:54,"NED University, Karachi",pm25,24.6,47.85,147,66,164,164
2025-11-10 06:00:55,"NED University, Karachi",pm25,23.88,48.82,150,66,165,165
2025-11-10 08:11:57,"NED University, Karachi",pm25,24.7,48.3,136,63,161,161
2025-11-10 09:19:02,"NED University, Karachi",pm25,25.97,47.13,156,76,175,175
2025-11-10 10:12:04,"NED University, Karachi",pm25,26.8,45.37,165,89,189,189
2025-11-10 11:20:09,"NED University, Karachi",pm25,28.1,40.45,62,25,82,82
2025-11-10 12:12:10,"NED University, Karachi",pm25,28.57,38.13,60,24,79,79
2025-11-10 13:17:12,"NED University, Karachi",pm25,29.17,40.53,19,10,36,36
2025-11-10 14:13:13,"NED University, Karachi",pm25,29.3,40.08,15,10,43,43
2025-11-10 15:12:14,"NED University, Karachi",pm25,28.93,40.52,21,10,40,40
2025-11-10 16:09:15,"NED University, Karachi",pm25,28.5,41,10,7,25,25
2025-11-10 17:24:16,"NED University, Karachi",pm25,27.9,42.05,19,13,45,45
2025-11-10 18:25:17,"NED University, Karachi",pm25,27.8,41.68,53,25,79,79
2025-11-10 19:12:18,"NED University, Karachi",pm25,27.7,42.42,35,23,76,76
2025-11-10 20:12:20,"NED University, Karachi",pm25,27.65,43.17,64,29,87,87
2025-11-10 21:14:24,"NED University, Karachi",pm25,27.2,44.37,66,31,91,91
2025-11-10 22:10:27,"NED University, Karachi",pm25,26.8,45.92,65,28,88,88
2025-11-10 23:16:28,"NED University, Karachi",pm25,26.3,47.18,72,37,97,97
2025-11-11 00:08:28,"NED University, Karachi",pm25,25.92,48.43,83,45,115,115
2025-11-11 01:12:29,"NED University, Karachi",pm25,25.5,47.22,93,53,131,131
2025-11-11 02:09:30,"NED University, Karachi",pm25,25.3,47.93,108,57,152,152
2025-11-11 03:10:31,"NED University, Karachi",pm25,25.07,48.7,135,62,160,160
2025-11-11 04:09:32,"NED University, Karachi",pm25,24.8,49.42,151,66,165,165
2025-11-11 05:59:33,"NED University, Karachi",pm25,24.4,50.12,115,59,155,155
2025-11-11 08:05:35,"NED University, Karachi",pm25,24.8,49.82,149,66,164,164
2025-11-11 09:15:39,"NED University, Karachi",pm25,25.97,49.83,113,58,153,153
2025-11-11 10:11:42,"NED University, Karachi",pm25,27.5,44.42,70,29,87,87
2025-11-11 11:18:46,"NED University, Karachi",pm25,28.1,39.58,89,50,124,124
2025-11-11 12:10:45,"NED University, Karachi",pm25,28.63,37.7,89,51,127,127
2025-11-11 13:15:45,"NED University, Karachi",pm25,29.15,35.72,89,50,123,123
2025-11-11 14:12:46,"NED University, Karachi",pm25,29.4,38,90,51,130,130
2025-11-11 15:13:50,"NED University, Karachi",pm25,29.33,38.59,85,46,118,118
2025-11-11 16:10:56,"NED University, Karachi",pm25,29.12,41.73,89,52,131,131
2025-11-11 17:25:04,"NED University, Karachi",pm25,27.88,44.88,72,34,95,95
2025-11-11 18:25:07,"NED University, Karachi",pm25,27.78,45.17,67,30,88,88
2025-11-11 19:11:07,"NED University, Karachi",pm25,27.65,45.12,66,32,92,92
2025-11-11 20:12:00,"NED University, Karachi",pm25,27.4,46.05,83,44,111,111
2025-11-11 21:14:02,"NED University, Karachi",pm25,27,47.07,76,40,105,105
2025-11-11 22:09:04,"NED University, Karachi",pm25,26.5,48.28,77,40,100,100
2025-11-11 23:16:05,"NED University, Karachi",pm25,26.15,49.07,98,55,140,140
2025-11-12 00:08:03,"NED University, Karachi",pm25,25.75,49.43,108,57,152,152
2025-11-12 01:12:04,"NED University, Karachi",pm25,25.6,49.45,120,59,154,154
2025-11-12 02:09:05,"NED University, Karachi",pm25,25.13,50.25,152,68,167,167
2025-11-12 03:10:06,"NED University, Karachi",pm25,24.9,50.23,157,77,176,176
2025-11-12 04:10:07,"NED University, Karachi",pm25,24.7,50.62,163,86,186,186
2025-11-12 05:58:08,"NED University, Karachi",pm25,24.3,51.03,128,59,155,155
2025-11-12 08:05:10,"NED University, Karachi",pm25,24.7,51.08,96,54,138,138
2025-11-12 09:15:11,"NED University, Karachi",pm25,25.57,50.78,74,37,98,98
2025-11-12 10:11:14,"NED University, Karachi",pm25,26.77,47.15,151,65,163,163
2025-11-12 11:18:14,"NED University, Karachi",pm25,28.17,38.83,89,52,130,130
2025-11-12 12:12:15,"NED University, Karachi",pm25,28.92,34.65,89,49,124,124
2025-11-12 13:16:16,"NED University, Karachi",pm25,29.72,32.63,67,29,86,86
2025-11-12 14:13:18,"NED University, Karachi",pm25,29.82,40.3,83,46,116,116
2025-11-12 15:12:19,"NED University, Karachi",pm25,29.27,42.15,72,33,93,93
2025-11-12 16:09:21,"NED University, Karachi",pm25,29.2,41.93,62,25,78,78
2025-11-12 17:24:21,"NED University, Karachi",pm25,28.25,40.47,61,25,80,80
2025-11-12 18:26:22,"NED University, Karachi",pm25,28,43.97,76,42,103,103
2025-11-12 19:11:25,"NED University, Karachi",pm25,27.9,45.6,87,48,120,120
2025-11-12 20:11:25,"NED University, Karachi",pm25,27.7,46.75,96,54,140,140
2025-11-12 21:15:26,"NED University, Karachi",pm25,27.1,49.08,104,55,145,145
2025-11-12 22:11:30,"NED University, Karachi",pm25,26.87,49.63,120,59,156,156
2025-11-12 23:17:29,"NED University, Karachi",pm25,26.4,50,101,55,143,143
2025-11-13 00:09:29,"NED University, Karachi",pm25,26.5,48.35,88,50,123,123
2025-11-13 01:12:30,"NED University, Karachi",pm25,26.13,49.45,100,56,145,145
2025-11-13 02:10:31,"NED University, Karachi",pm25,25.8,49.85,111,57,152,152
2025-11-13 03:10:32,"NED University, Karachi",pm25,25.3,50.67,160,83,181,181
2025-11-13 04:10:33,"NED University, Karachi",pm25,25.2,51.18,157,80,179,179
2025-11-13 05:59:34,"NED University, Karachi",pm25,24.7,52.03,140,63,162,162
2025-11-13 08:06:36,"NED University, Karachi",pm25,25.12,51.3,96,55,140,140
2025-11-13 09:16:38,"NED University, Karachi",pm25,26.2,49.88,154,70,170,170
2025-11-13 10:10:38,"NED University, Karachi",pm25,27.17,45.82,91,52,131,131
2025-11-13 11:17:40,"NED University, Karachi",pm25,28.3,38.34,89,49,122,122
2025-11-13 12:11:41,"NED University, Karachi",pm25,29.1,35.07,77,43,105,105
2025-11-13 13:15:42,"NED University, Karachi",pm25,29.9,30.23,55,24,79,79
2025-11-13 14:13:44,"NED University, Karachi",pm25,30.1,28.33,60,23,76,76
2025-11-13 15:12:46,"NED University, Karachi",pm25,30.2,35.53,83,46,115,115
2025-11-13 16:10:46,"NED University, Karachi",pm25,29.35,40.05,79,42,109,109
2025-11-13 17:23:48,"NED University, Karachi",pm25,28.5,40.41,67,30,88,88
2025-11-13 18:24:49,"NED University, Karachi",pm25,28.2,41.72,73,35,95,95
2025-11-13 19:11:50,"NED University, Karachi",pm25,28.18,39.98,89,48,121,121
2025-11-13 20:13:53,"NED University, Karachi",pm25,27.63,42.12,90,48,123,123
2025-11-13 21:14:52,"NED University, Karachi",pm25,27.23,44.67,83,45,114,114
2025-11-13 22:12:03,"NED University, Karachi",pm25,26.9,45.87,89,53,134,134
2025-11-13 23:18:09,"NED University, Karachi",pm25,26.32,47.32,118,61,157,157
2025-11-14 00:09:06,"NED University, Karachi",pm25,26,48.47,131,62,159,159
2025-11-14 01:13:07,"NED University, Karachi",pm25,25.68,47.77,118,60,156,156
2025-11-14 02:10:07,"NED University, Karachi",pm25,25.3,48.13,114,58,154,154
2025-11-14 03:11:08,"NED University, Karachi",pm25,24.9,49.1,110,57,152,152
2025-11-14 04:10:09,"NED University, Karachi",pm25,24.9,48.97,153,71,170,170
2025-11-14 05:58:10,"NED University, Karachi",pm25,24.4,49.17,175,105,209,209
2025-11-14 08:03:12,"NED University, Karachi",pm25,24.7,48.43,145,62,162,162
2025-11-14 09:15:13,"NED University, Karachi",pm25,25.9,46.5,163,83,183,183
2025-11-14 10:11:15,"NED University, Karachi",pm25,27.2,43.02,90,50,126,126
2025-11-14 11:18:17,"NED University, Karachi",pm25,28.68,32.73,81,45,115,115
2025-11-14 12:11:23,"NED University, Karachi",pm25,29.28,25.68,55,25,79,79
2025-11-14 13:16:17,"NED University, Karachi",pm25,29.77,24.8,70,31,91,91
2025-11-14 14:12:27,"NED University, Karachi",pm25,29.98,25.37,68,32,91,91
2025-11-14 15:13:19,"NED University, Karachi",pm25,29.82,30.4,74,39,102,102
2025-11-14 16:09:21,"NED University, Karachi",pm25,29.4,31.7,75,37,101,101
2025-11-14 17:24:22,"NED University, Karachi",pm25,28.75,33.27,70,30,88,88
2025-11-14 18:23:24,"NED University, Karachi",pm25,28.1,34.16,74,37,99,99
2025-11-14 19:11:24,"NED University, Karachi",pm25,28,32.88,81,42,110,110
2025-11-14 20:09:25,"NED University, Karachi",pm25,27.58,33.83,83,47,117,117
2025-11-14 21:15:14,"NED University, Karachi",pm25,26.9,39.23,116,58,154,154
2025-11-14 22:09:36,"NED University, Karachi",pm25,26.3,41.57,108,57,151,151
2025-11-14 23:15:35,"NED University, Karachi",pm25,26.2,45.68,110,58,153,153
2025-11-15 00:08:35,"NED University, Karachi",pm25,25.8,46.62,124,60,156,156
2025-11-15 01:12:37,"NED University, Karachi",pm25,25.35,47.95,141,64,162,162
2025-11-15 02:10:37,"NED University, Karachi",pm25,25,47.55,140,62,161,161
2025-11-15 03:10:38,"NED University, Karachi",pm25,24.7,47.1,120,59,155,155
2025-11-15 04:10:39,"NED University, Karachi",pm25,24.32,47.12,90,52,131,131
2025-11-15 05:56:40,"NED University, Karachi",pm25,23.8,47.28,76,42,106,106
2025-11-15 07:25:42,"NED University, Karachi",pm25,23.52,47.5,87,47,120,120
2025-11-15 08:33:42,"NED University, Karachi",pm25,24.87,45.95,165,91,190,190
2025-11-15 09:12:43,"NED University, Karachi",pm25,25.2,44.63,168,91,191,191
2025-11-15 10:10:44,"NED University, Karachi",pm25,26.8,41.32,160,82,180,180
2025-11-15 11:16:45,"NED University, Karachi",pm25,28.1,32.62,71,33,93,93
2025-11-15 12:08:46,"NED University, Karachi",pm25,28.6,27.43,73,37,99,99
2025-11-15 13:13:46,"NED University, Karachi",pm25,29.4,25.68,70,32,92,92
2025-11-15 14:09:47,"NED University, Karachi",pm25,29.7,24.28,70,32,93,93
2025-11-15 15:09:49,"NED University, Karachi",pm25,29.6,24.28,71,32,93,93
2025-11-15 16:07:49,"NED University, Karachi",pm25,29.1,29.33,77,42,108,108
2025-11-15 17:19:50,"NED University, Karachi",pm25,28.45,30.1,81,42,110,110
2025-11-15 18:16:51,"NED University, Karachi",pm25,28.2,29.6,85,48,121,121
2025-11-15 19:08:55,"NED University, Karachi",pm25,27.7,32.77,89,51,125,125
2025-11-15 20:08:53,"NED University, Karachi",pm25,27.17,33.52,101,56,141,141
2025-11-15 21:11:55,"NED University, Karachi",pm25,26.33,35.72,120,60,156,156
2025-11-15 22:06:56,"NED University, Karachi",pm25,25.9,36.91,150,67,166,166
2025-11-15 23:14:58,"NED University, Karachi",pm25,25.4,38.98,155,73,172,172
2025-11-16 00:06:57,"NED University, Karachi",pm25,25.1,38.95,116,59,155,155
2025-11-16 01:10:58,"NED University, Karachi",pm25,24.6,39.59,133,62,160,160
2025-11-16 02:08:59,"NED University, Karachi",pm25,24.4,38.91,137,64,161,161
2025-11-16 03:07:00,"NED University, Karachi",pm25,23.97,38.98,107,57,151,151
2025-11-16 04:09:01,"NED University, Karachi",pm25,23.73,36.78,85,49,123,123
2025-11-16 06:02:03,"NED University, Karachi",pm25,22.88,36.03,85,50,125,125
2025-11-16 08:10:04,"NED University, Karachi",pm25,23.4,36.72,106,57,151,151
2025-11-16 09:18:05,"NED University, Karachi",pm25,24.7,32.3,157,77,176,176
2025-11-16 10:10:06,"NED University, Karachi",pm25,26.2,29.23,100,56,148,148
2025-11-16 11:15:37,"NED University, Karachi",pm25,28,26.48,84,49,120,120
2025-11-16 12:10:38,"NED University, Karachi",pm25,28.6,24.52,76,42,110,110
2025-11-16 13:13:39,"NED University, Karachi",pm25,29.55,22.25,70,32,93,93
2025-11-16 14:10:40,"NED University, Karachi",pm25,29.8,21.9,70,33,92,92
2025-11-16 15:10:41,"NED University, Karachi",pm25,30,21.87,70,33,94,94
2025-11-16 16:07:42,"NED University, Karachi",pm25,29.6,21.33,62,30,89,89
2025-11-16 17:20:43,"NED University, Karachi",pm25,28.7,24.62,79,42,112,112
2025-11-16 18:17:44,"NED University, Karachi",pm25,27.6,25.27,99,56,145,145
2025-11-16 19:09:44,"NED University, Karachi",pm25,27,29.55,125,61,160,160
2025-11-16 20:09:46,"NED University, Karachi",pm25,26.5,33.08,155,73,171,171
2025-11-16 21:11:58,"NED University, Karachi",pm25,26,30.48,138,62,161,161
2025-11-16 22:07:48,"NED University, Karachi",pm25,25.6,29.52,130,61,158,158
2025-11-16 23:13:52,"NED University, Karachi",pm25,25.03,30.13,132,61,159,159
2025-11-17 00:07:50,"NED University, Karachi",pm25,24.7,31.33,151,69,168,168
2025-11-17 01:10:51,"NED University, Karachi",pm25,24.33,33.13,184,125,242,242
2025-11-17 02:09:52,"NED University, Karachi",pm25,23.8,33.95,189,135,265,265
2025-11-17 03:09:53,"NED University, Karachi",pm25,23.55,34.2,181,121,234,234
2025-11-17 04:09:54,"NED University, Karachi",pm25,23.3,34.58,170,102,200,200
2025-11-17 05:58:55,"NED University, Karachi",pm25,22.6,35.84,120,61,157,157
2025-11-17 08:07:57,"NED University, Karachi",pm25,22.9,34.43,110,58,154,154
2025-11-17 09:17:58,"NED University, Karachi",pm25,25.33,29.57,125,62,159,159
2025-11-17 10:11:59,"NED University, Karachi",pm25,26.5,27.42,91,53,135,135
2025-11-17 11:19:04,"NED University, Karachi",pm25,27.77,23.95,82,48,118,118
2025-11-17 12:12:02,"NED University, Karachi",pm25,28.22,23.68,83,45,118,118
2025-11-17 13:17:03,"NED University, Karachi",pm25,28.9,21.7,95,54,138,138
2025-11-17 14:15:04,"NED University, Karachi",pm25,29.1,21.95,96,54,140,140
2025-11-17 15:13:05,"NED University, Karachi",pm25,29.08,23.55,83,48,120,120
2025-11-17 16:09:06,"NED University, Karachi",pm25,28.48,23.75,87,50,126,126
2025-11-17 17:25:07,"NED University, Karachi",pm25,27.9,23.93,87,50,125,125
2025-11-17 18:25:08,"NED University, Karachi",pm25,27.4,27.87,89,52,131,131
2025-11-17 19:11:09,"NED University, Karachi",pm25,27.1,33.87,98,56,150,150
2025-11-17 20:12:10,"NED University, Karachi",pm25,26.9,39,155,74,173,173
2025-11-17 21:16:16,"NED University, Karachi",pm25,26.28,41.65,160,82,180,180
2025-11-17 22:11:19,"NED University, Karachi",pm25,25.8,42.43,165,88,187,187
2025-11-17 23:16:17,"NED University, Karachi",pm25,25,44.18,172,100,199,199
2025-11-18 00:08:18,"NED University, Karachi",pm25,24.65,43.6,175,105,210,210
2025-11-18 01:12:18,"NED University, Karachi",pm25,23.9,41.43,170,97,195,195
2025-11-18 02:09:19,"NED University, Karachi",pm25,23.7,42.25,179,121,236,236
2025-11-18 03:10:20,"NED University, Karachi",pm25,23.45,43.18,192,147,286,286
2025-11-18 04:10:20,"NED University, Karachi",pm25,23.3,44.4,175,112,222,222
2025-11-18 05:58:22,"NED University, Karachi",pm25,22.75,46.07,153,73,171,171
2025-11-18 07:41:23,"NED University, Karachi",pm25,22.8,46.98,133,61,159,159
2025-11-18 08:38:24,"NED University, Karachi",pm25,24.4,45.58,152,69,168,168
2025-11-18 09:14:24,"NED University, Karachi",pm25,24.98,45.97,150,66,164,164
2025-11-18 10:11:27,"NED University, Karachi",pm25,26.35,44.45,98,54,140,140
2025-11-18 11:18:27,"NED University, Karachi",pm25,27.6,33.22,89,51,127,127
2025-11-18 12:11:30,"NED University, Karachi",pm25,28.18,29.57,77,43,111,111
2025-11-18 13:16:29,"NED University, Karachi",pm25,28.97,28.12,79,42,110,110
2025-11-18 14:12:31,"NED University, Karachi",pm25,29.33,25.78,75,41,103,103
2025-11-18 15:13:32,"NED University, Karachi",pm25,29.5,26.57,95,55,142,142
2025-11-18 16:10:33,"NED University, Karachi",pm25,28.32,28.78,94,54,138,138
2025-11-18 17:24:34,"NED University, Karachi",pm25,27.82,29.6,92,53,134,134
2025-11-18 18:25:36,"NED University, Karachi",pm25,27.7,32.15,100,57,150,150
2025-11-18 19:11:36,"NED University, Karachi",pm25,26.7,35.09,137,63,161,161
2025-11-18 20:12:37,"NED University, Karachi",pm25,26,38.16,161,83,181,181
2025-11-18 21:15:42,"NED University, Karachi",pm25,25.7,40.47,174,105,209,209
2025-11-18 22:11:52,"NED University, Karachi",pm25,25.13,40.63,170,95,195,195
2025-11-18 23:16:51,"NED University, Karachi",pm25,24.6,39.95,173,104,206,206
2025-11-19 00:19:52,"NED University, Karachi",pm25,24.37,40.95,169,95,195,195
2025-11-19 01:13:52,"NED University, Karachi",pm25,23.9,42.73,163,88,186,186
2025-11-19 03:10:54,"NED University, Karachi",pm25,23.3,44.75,176,111,218,218
2025-11-19 04:09:54,"NED University, Karachi",pm25,22.98,45.08,170,95,194,194
2025-11-19 05:57:56,"NED University, Karachi",pm25,22.7,47.37,151,67,167,167
2025-11-19 08:04:58,"NED University, Karachi",pm25,22.9,45.73,130,62,160,160
2025-11-19 09:16:00,"NED University, Karachi",pm25,24.9,47.13,125,60,156,156
2025-11-19 10:12:01,"NED University, Karachi",pm25,26.22,45.82,166,90,190,190
2025-11-19 11:17:06,"NED University, Karachi",pm25,27.4,38.27,93,53,132,132
2025-11-19 12:11:02,"NED University, Karachi",pm25,28,35.43,112,57,152,152
2025-11-19 13:16:14,"NED University, Karachi",pm25,28.4,37.82,154,74,173,173
2025-11-19 14:13:15,"NED University, Karachi",pm25,28.6,33.32,91,53,130,130
2025-11-19 15:12:21,"NED University, Karachi",pm25,28.35,31.82,88,50,123,123
2025-11-19 16:10:17,"NED University, Karachi",pm25,27.95,30.98,79,44,113,113
2025-11-19 17:24:18,"NED University, Karachi",pm25,27.4,29.03,84,47,120,120
2025-11-19 18:25:19,"NED University, Karachi",pm25,26.8,33.73,95,55,142,142
2025-11-19 19:12:20,"NED University, Karachi",pm25,26.37,36.05,135,64,162,162
2025-11-19 20:12:21,"NED University, Karachi",pm25,26.02,42.27,119,60,156,156
2025-11-19 21:15:22,"NED University, Karachi",pm25,25.6,44.47,128,61,158,158
2025-11-19 22:10:23,"NED University, Karachi",pm25,25.3,47.82,113,58,153,153
2025-11-19 23:16:25,"NED University, Karachi",pm25,25,50.07,134,62,161,161
2025-11-20 00:08:25,"NED University, Karachi",pm25,24.43,48.88,168,96,194,194
2025-11-20 01:11:26,"NED University, Karachi",pm25,24.3,47.43,173,102,201,201
2025-11-20 02:08:27,"NED University, Karachi",pm25,23.78,49.02,165,88,187,187
2025-11-20 03:10:27,"NED University, Karachi",pm25,23.6,48.87,162,86,187,187
2025-11-20 04:10:28,"NED University, Karachi",pm25,23.42,49.97,156,75,174,174
2025-11-20 05:57:29,"NED University, Karachi",pm25,23.17,50.68,119,59,155,155
2025-11-20 07:39:31,"NED University, Karachi",pm25,22.9,51.78,128,61,160,160
2025-11-20 08:37:32,"NED University, Karachi",pm25,23.63,51.42,146,64,164,164
2025-11-20 09:13:32,"NED University, Karachi",pm25,24.4,51.23,133,61,159,159
2025-11-20 10:11:38,"NED University, Karachi",pm25,26.2,47.77,89,52,130,130
2025-11-20 11:17:35,"NED University, Karachi",pm25,27.17,42.57,84,45,118,118
2025-11-20 12:11:36,"NED University, Karachi",pm25,28.08,35.16,92,53,136,136
2025-11-20 13:16:37,"NED University, Karachi",pm25,28.72,29.95,89,53,134,134
2025-11-20 14:12:38,"NED University, Karachi",pm25,29.2,28.67,89,53,134,134
2025-11-20 15:11:40,"NED University, Karachi",pm25,28.92,28.48,137,64,163,163
2025-11-20 16:10:41,"NED University, Karachi",pm25,28.48,30.32,89,53,133,133
2025-11-20 17:23:42,"NED University, Karachi",pm25,27.9,30.2,94,54,140,140
2025-11-20 18:23:44,"NED University, Karachi",pm25,27.4,34.22,107,57,152,152
2025-11-20 19:10:44,"NED University, Karachi",pm25,26.9,37.37,130,61,158,158
2025-11-20 20:10:45,"NED University, Karachi",pm25,26.5,44.72,132,61,159,159
2025-11-20 21:15:46,"NED University, Karachi",pm25,26.2,48.1,156,77,176,176
2025-11-20 22:09:47,"NED University, Karachi",pm25,25.8,47.73,153,73,172,172
2025-11-20 23:16:49,"NED University, Karachi",pm25,25.12,48.77,163,87,187,187
2025-11-21 00:08:49,"NED University, Karachi",pm25,24.88,47.43,167,92,191,191
2025-11-21 01:12:50,"NED University, Karachi",pm25,24.4,47.32,158,80,181,181
2025-11-21 02:09:51,"NED University, Karachi",pm25,24.17,48.07,156,76,174,174
2025-11-21 03:09:51,"NED University, Karachi",pm25,23.8,48.8,150,68,167,167
2025-11-21 04:10:52,"NED University, Karachi",pm25,23.5,48.6,153,71,171,171
2025-11-21 05:57:53,"NED University, Karachi",pm25,22.9,48.62,125,61,159,159
2025-11-21 07:39:55,"NED University, Karachi",pm25,22.9,47.42,150,67,167,167
2025-11-21 08:37:17,"NED University, Karachi",pm25,24.03,44.57,188,111,224,224
2025-11-21 09:13:18,"NED University, Karachi",pm25,24.8,40.15,140,65,165,165
2025-11-21 10:12:19,"NED University, Karachi",pm25,26.2,36.82,151,74,173,173
2025-11-21 11:18:20,"NED University, Karachi",pm25,27.32,32.37,151,71,170,170
2025-11-21 12:11:21,"NED University, Karachi",pm25,27.92,30.38,142,67,166,166
2025-11-21 13:16:23,"NED University, Karachi",pm25,28.63,27.43,115,60,157,157
2025-11-21 14:12:24,"NED University, Karachi",pm25,29.15,26.87,112,60,156,156
2025-11-21 15:11:25,"NED University, Karachi",pm25,29.5,26.8,114,60,157,157
2025-11-21 16:09:26,"NED University, Karachi",pm25,28.8,29.77,152,74,172,172
2025-11-21 17:22:27,"NED University, Karachi",pm25,28.1,34.82,150,71,171,171
2025-11-21 18:22:28,"NED University, Karachi",pm25,27.3,37.28,157,82,181,181
2025-11-21 19:10:29,"NED University, Karachi",pm25,27.08,40.97,164,91,191,191
2025-11-21 20:09:30,"NED University, Karachi",pm25,26.32,42.07,164,91,189,189
2025-11-21 21:14:32,"NED University, Karachi",pm25,25.77,43.75,165,91,190,190
2025-11-21 22:10:34,"NED University, Karachi",pm25,25.5,45.1,169,98,198,198
2025-11-21 23:16:34,"NED University, Karachi",pm25,25.07,45.28,182,120,239,239
2025-11-22 00:09:36,"NED University, Karachi",pm25,24.7,44.75,177,112,221,221
2025-11-22 01:12:36,"NED University, Karachi",pm25,24.4,43.27,170,105,207,207
2025-11-22 02:09:37,"NED University, Karachi",pm25,23.9,43.42,171,104,208,208
2025-11-22 03:10:38,"NED University, Karachi",pm25,23.7,42.08,171,106,211,211
2025-11-22 04:09:39,"NED University, Karachi",pm25,23.5,42.37,165,94,192,192
2025-11-22 05:54:41,"NED University, Karachi",pm25,22.97,42.85,160,88,188,188
2025-11-22 07:21:43,"NED University, Karachi",pm25,22.7,43.89,167,98,197,197
2025-11-22 08:30:44,"NED University, Karachi",pm25,23.73,40.84,160,90,189,189
2025-11-22 09:12:45,"NED University, Karachi",pm25,24.5,41.47,159,87,186,186
2025-11-22 10:09:47,"NED University, Karachi",pm25,25.6,40.08,164,98,198,198
2025-11-22 11:14:48,"NED University, Karachi",pm25,26.9,36.9,158,85,184,184
2025-11-22 12:09:49,"NED University, Karachi",pm25,27.5,35.7,153,76,176,176
2025-11-22 13:13:50,"NED University, Karachi",pm25,28.2,32.52,158,83,182,182
2025-11-22 14:10:51,"NED University, Karachi",pm25,28.6,29.28,136,64,163,163
2025-11-22 15:10:52,"NED University, Karachi",pm25,28.8,24.93,89,52,130,130
2025-11-22 16:07:54,"NED University, Karachi",pm25,28.13,34.72,160,87,187,187
2025-11-22 17:19:57,"NED University, Karachi",pm25,27.6,41.13,156,80,179,179
2025-11-22 18:16:06,"NED University, Karachi",pm25,27.3,43.44,162,95,194,194
2025-11-22 19:08:54,"NED University, Karachi",pm25,27.2,45.2,168,103,204,204
2025-11-22 20:09:39,"NED University, Karachi",pm25,26.8,47.22,170,104,207,207
2025-11-22 21:11:48,"NED University, Karachi",pm25,26.1,48.69,177,115,232,232
2025-11-22 22:07:49,"NED University, Karachi",pm25,25.43,50.29,183,125,250,250
2025-11-22 23:15:50,"NED University, Karachi",pm25,25.3,50.74,189,137,271,271
2025-11-23 00:07:51,"NED University, Karachi",pm25,24.8,50.8,186,136,269,269
2025-11-23 01:11:52,"NED University, Karachi",pm25,24.8,50.84,189,139,276,276
2025-11-23 02:08:54,"NED University, Karachi",pm25,24.5,50.17,215,173,341,341
2025-11-23 03:09:54,"NED University, Karachi",pm25,24.03,48.74,191,145,285,285
2025-11-23 04:09:55,"NED University, Karachi",pm25,23.7,46.95,173,114,226,226
2025-11-23 06:04:57,"NED University, Karachi",pm25,23.27,47.69,172,115,228,228
2025-11-23 08:20:00,"NED University, Karachi",pm25,23.62,47.87,176,119,234,234
2025-11-23 09:26:01,"NED University, Karachi",pm25,24.9,48.8,152,76,174,174
2025-11-23 10:11:02,"NED University, Karachi",pm25,25.8,47.65,155,78,177,177
2025-11-23 11:16:04,"NED University, Karachi",pm25,27,44.4,96,56,144,144
2025-11-23 12:10:05,"NED University, Karachi",pm25,27.5,38.39,98,56,150,150
2025-11-23 13:15:06,"NED University, Karachi",pm25,28.3,30.42,94,55,143,143
2025-11-23 14:10:07,"NED University, Karachi",pm25,28.77,26.52,92,53,135,135
2025-11-23 15:10:08,"NED University, Karachi",pm25,28.6,26.68,90,53,135,135
2025-11-23 16:07:10,"NED University, Karachi",pm25,28,36.59,108,59,155,155
2025-11-23 17:20:11,"NED University, Karachi",pm25,27.47,38.5,90,53,138,138
2025-11-23 18:17:13,"NED University, Karachi",pm25,27.23,44.52,105,57,152,152
2025-11-23 19:09:13,"NED University, Karachi",pm25,26.9,45.7,128,62,161,161
2025-11-23 20:09:15,"NED University, Karachi",pm25,26.3,47.9,140,64,163,163
2025-11-23 21:11:16,"NED University, Karachi",pm25,25.8,48.87,150,67,166,166
2025-11-23 22:08:19,"NED University, Karachi",pm25,25.5,47.44,156,80,179,179
2025-11-23 23:15:19,"NED University, Karachi",pm25,25.07,43.94,155,79,179,179
2025-11-23 23:16:20,"NED University, Karachi",pm25,25.05,43.84,155,80,179,179
2025-11-24 04:09:24,"NED University, Karachi",pm25,23,40.24,154,83,182,182
2025-11-24 06:02:26,"NED University, Karachi",pm25,22.52,41.34,162,99,197,197
2025-11-24 08:15:29,"NED University, Karachi",pm25,22.72,40.43,176,107,213,213
2025-11-24 09:26:30,"NED University, Karachi",pm25,23.9,36.33,156,86,184,184
2025-11-24 10:12:31,"NED University, Karachi",pm25,25.2,34.03,151,77,175,175
2025-11-24 11:19:32,"NED University, Karachi",pm25,26.9,28.52,120,62,160,160
2025-11-24 12:12:33,"NED University, Karachi",pm25,27.6,25.85,100,59,153,153
2025-11-24 13:16:35,"NED University, Karachi",pm25,28.2,23.15,84,52,129,129
2025-11-24 14:15:36,"NED University, Karachi",pm25,28.68,22.47,79,45,115,115
2025-11-24 15:13:52,"NED University, Karachi",pm25,28.6,21.73,81,47,118,118
2025-11-24 16:09:53,"NED University, Karachi",pm25,28.2,22.75,78,45,116,116
2025-11-24 17:24:54,"NED University, Karachi",pm25,27.4,24.47,91,55,139,139
2025-11-24 18:26:04,"NED University, Karachi",pm25,26.6,30.95,130,65,163,163
2025-11-24 19:12:05,"NED University, Karachi",pm25,25.9,35.03,158,83,183,183
2025-11-24 20:13:07,"NED University, Karachi",pm25,26,28.45,100,59,154,154
2025-11-24 21:12:36,"NED University, Karachi",pm25,25.6,29,115,61,159,159
2025-11-24 22:10:38,"NED University, Karachi",pm25,24.87,31.35,127,62,161,161
2025-11-24 23:17:38,"NED University, Karachi",pm25,24.07,33.59,143,71,169,169
2025-11-25 00:05:39,"NED University, Karachi",pm25,23.7,34.09,150,72,171,171
2025-11-25 01:13:40,"NED University, Karachi",pm25,23.3,34.05,130,66,165,165
2025-11-25 02:10:40,"NED University, Karachi",pm25,22.9,33.74,112,60,157,157
2025-11-25 03:08:42,"NED University, Karachi",pm25,22.6,33.77,114,61,159,159
2025-11-25 04:10:42,"NED University, Karachi",pm25,22,34.52,100,59,154,154
2025-11-25 05:57:44,"NED University, Karachi",pm25,21.75,35.68,108,60,157,157
2025-11-25 07:44:46,"NED University, Karachi",pm25,21.65,36.52,130,64,162,162
2025-11-25 08:42:47,"NED University, Karachi",pm25,22.7,35.3,157,82,181,181
2025-11-25 09:17:48,"NED University, Karachi",pm25,23.2,35.65,155,81,180,180
2025-11-25 10:10:49,"NED University, Karachi",pm25,24.9,30.35,120,62,160,160
2025-11-25 11:17:51,"NED University, Karachi",pm25,26.55,24.9,96,58,153,153
2025-11-25 12:11:51,"NED University, Karachi",pm25,27.5,23.65,93,56,144,144
2025-11-25 13:16:53,"NED University, Karachi",pm25,28,20.97,85,51,129,129
2025-11-25 14:13:54,"NED University, Karachi",pm25,28.2,21.52,88,53,134,134
2025-11-25 15:13:55,"NED University, Karachi",pm25,28,22.92,94,57,150,150
2025-11-25 16:09:56,"NED University, Karachi",pm25,27.9,22.9,95,56,145,145
2025-11-25 17:24:58,"NED University, Karachi",pm25,27.1,24.45,96,57,150,150
2025-11-25 18:26:00,"NED University, Karachi",pm25,26.4,26.55,110,61,158,158
2025-11-25 19:11:03,"NED University, Karachi",pm25,26,26.05,123,64,163,163
2025-11-25 20:12:02,"NED University, Karachi",pm25,25.2,27.8,137,68,166,166
2025-11-25 21:15:03,"NED University, Karachi",pm25,24.8,26.84,125,64,163,163
2025-11-25 22:12:04,"NED University, Karachi",pm25,24.52,28.09,115,61,157,157
2025-11-25 23:19:05,"NED University, Karachi",pm25,23.8,28.87,96,58,152,152
2025-11-26 00:10:06,"NED University, Karachi",pm25,23.9,28.47,94,57,150,150
2025-11-26 01:12:07,"NED University, Karachi",pm25,23.75,28.87,96,57,151,151
2025-11-26 02:10:07,"NED University, Karachi",pm25,22.9,29.55,101,59,154,154
2025-11-26 03:10:09,"NED University, Karachi",pm25,23,29.65,100,59,155,155
2025-11-26 04:09:10,"NED University, Karachi",pm25,22.8,30.55,99,59,153,153
2025-11-26 05:58:11,"NED University, Karachi",pm25,22.2,32.14,105,59,155,155
2025-11-26 08:07:14,"NED University, Karachi",pm25,22.25,34.4,111,61,157,157
2025-11-26 09:17:15,"NED University, Karachi",pm25,23.4,30.94,155,81,178,178
2025-11-26 10:11:15,"NED University, Karachi",pm25,24.88,28.9,113,62,160,160
2025-11-26 11:18:18,"NED University, Karachi",pm25,26.9,24.69,90,56,143,143
2025-11-26 12:11:18,"NED University, Karachi",pm25,27.6,22.29,87,52,132,132
2025-11-26 13:17:19,"NED University, Karachi",pm25,28.2,21.2,85,52,130,130
2025-11-26 14:14:20,"NED University, Karachi",pm25,28.17,20.69,87,52,130,130
2025-11-26 15:13:21,"NED University, Karachi",pm25,28.23,20.02,84,51,129,129
2025-11-26 16:09:22,"NED University, Karachi",pm25,27.9,22.82,85,52,130,130
2025-11-26 17:25:23,"NED University, Karachi",pm25,27,28.87,121,62,160,160
2025-11-26 18:27:28,"NED University, Karachi",pm25,26.3,30.92,146,69,168,168
2025-11-26 19:12:25,"NED University, Karachi",pm25,25.6,32.32,151,74,172,172
2025-11-26 20:11:28,"NED University, Karachi",pm25,25,31.05,156,78,177,177
2025-11-26 21:14:28,"NED University, Karachi",pm25,24.4,30.22,153,75,173,173
2025-11-26 22:10:29,"NED University, Karachi",pm25,23.9,29.32,152,75,173,173
2025-11-26 23:14:50,"NED University, Karachi",pm25,23.5,29.2,159,86,185,185
2025-11-27 00:08:45,"NED University, Karachi",pm25,23.2,30.2,154,78,177,177
2025-11-27 01:13:45,"NED University, Karachi",pm25,22.75,30.7,127,65,162,162
2025-11-27 01:58:46,"NED University, Karachi",pm25,22.6,30.92,115,62,159,159
2025-11-27 03:10:55,"NED University, Karachi",pm25,22.13,29.4,100,59,155,155
2025-11-27 04:10:57,"NED University, Karachi",pm25,22.5,28.63,95,57,151,151
2025-11-27 05:56:59,"NED University, Karachi",pm25,22.13,30.4,99,59,155,155
2025-11-27 07:40:01,"NED University, Karachi",pm25,21.97,31.52,118,62,159,159
2025-11-27 08:40:03,"NED University, Karachi",pm25,22.73,30.93,110,61,157,157
2025-11-27 09:16:03,"NED University, Karachi",pm25,23.2,30.1,105,60,155,155
2025-11-27 10:12:04,"NED University, Karachi",pm25,24.5,27.1,101,60,155,155
2025-11-27 11:19:06,"NED University, Karachi",pm25,25.7,24.73,96,57,152,152
2025-11-27 12:12:07,"NED University, Karachi",pm25,26.4,25.02,96,58,152,152
2025-11-27 13:16:28,"NED University, Karachi",pm25,27.1,23.08,95,57,151,151
2025-11-27 14:10:09,"NED University, Karachi",pm25,27.5,22.17,89,54,139,139
2025-11-27 15:12:23,"NED University, Karachi",pm25,27.5,22.68,94,56,149,149
2025-11-27 16:09:03,"NED University, Karachi",pm25,27.1,23.1,94,57,152,152
2025-11-27 17:24:38,"NED University, Karachi",pm25,26.53,23.35,100,59,156,156
2025-11-27 18:25:25,"NED University, Karachi",pm25,25.7,23.78,107,60,157,157
2025-11-27 19:10:47,"NED University, Karachi",pm25,25.23,24.52,127,64,163,163
2025-11-27 20:12:16,"NED University, Karachi",pm25,24.8,24.6,126,62,161,161
2025-11-27 21:13:48,"NED University, Karachi",pm25,24.27,24.9,106,60,156,156
2025-11-27 22:09:02,"NED University, Karachi",pm25,23.62,25.47,99,59,154,154
2025-11-27 23:13:39,"NED University, Karachi",pm25,23.4,26.4,108,60,156,156
2025-11-28 00:07:58,"NED University, Karachi",pm25,23.3,27.15,110,60,158,158
2025-11-28 01:10:58,"NED University, Karachi",pm25,22.9,28.93,120,64,162,162
2025-11-28 02:08:59,"NED University, Karachi",pm25,22.5,29.78,125,63,161,161
2025-11-28 03:10:00,"NED University, Karachi",pm25,22.4,30.7,117,62,160,160
2025-11-28 04:11:01,"NED University, Karachi",pm25,21.9,31.28,118,64,160,160
2025-11-28 05:56:03,"NED University, Karachi",pm25,21.6,31.2,111,62,160,160
2025-11-28 07:40:05,"NED University, Karachi",pm25,21.62,31.52,118,63,160,160
2025-11-28 08:38:13,"NED University, Karachi",pm25,21.98,31.53,119,64,162,162
2025-11-28 09:14:13,"NED University, Karachi",pm25,22.48,31.63,130,68,166,166
2025-11-28 10:12:14,"NED University, Karachi",pm25,23.8,31.3,140,72,171,171
2025-11-28 11:19:15,"NED University, Karachi",pm25,25.13,25.95,115,63,162,162
2025-11-28 12:12:17,"NED University, Karachi",pm25,25.9,24.25,105,59,155,155
2025-11-28 13:16:17,"NED University, Karachi",pm25,26.8,23.25,96,59,154,154
2025-11-28 14:11:18,"NED University, Karachi",pm25,26.9,22.03,90,55,143,143
2025-11-28 15:13:20,"NED University, Karachi",pm25,27.07,22.35,93,54,138,138
2025-11-28 16:09:20,"NED University, Karachi",pm25,26.9,22.63,94,56,147,147
2025-11-28 17:23:22,"NED University, Karachi",pm25,26.3,23.13,96,58,151,151
2025-11-28 18:24:23,"NED University, Karachi",pm25,25.8,23.53,95,58,152,152
2025-11-28 19:10:30,"NED University, Karachi",pm25,25.08,23.8,110,61,158,158
2025-11-28 20:10:25,"NED University, Karachi",pm25,24.23,25.48,113,61,158,158
2025-11-28 21:13:28,"NED University, Karachi",pm25,23.6,26.73,114,62,160,160
2025-11-28 22:06:27,"NED University, Karachi",pm25,23.38,27.4,123,66,163,163
2025-11-28 23:16:29,"NED University, Karachi",pm25,23,27.52,125,62,161,161
2025-11-29 00:08:30,"NED University, Karachi",pm25,22.6,28.15,113,62,160,160
2025-11-29 01:11:31,"NED University, Karachi",pm25,22.5,28.6,112,61,159,159
2025-11-29 02:08:32,"NED University, Karachi",pm25,22.1,29.45,105,60,156,156
2025-11-29 03:10:33,"NED University, Karachi",pm25,21.7,29.83,108,61,157,157
2025-11-29 04:10:34,"NED University, Karachi",pm25,21.52,29.72,104,59,155,155
2025-11-29 05:57:36,"NED University, Karachi",pm25,21,31.08,106,60,156,156
2025-11-29 07:38:38,"NED University, Karachi",pm25,20.85,32.07,105,60,155,155
2025-11-29 08:38:59,"NED University, Karachi",pm25,21.9,30.85,115,62,160,160
2025-11-29 09:14:00,"NED University, Karachi",pm25,22.42,29.68,116,62,161,161
2025-11-29 10:11:01,"NED University, Karachi",pm25,23.43,29.2,121,62,162,162
2025-11-29 11:16:02,"NED University, Karachi",pm25,25.3,26.22,98,57,151,151
2025-11-29 12:11:03,"NED University, Karachi",pm25,26.1,24.47,89,55,144,144
2025-11-29 13:15:04,"NED University, Karachi",pm25,26.9,23.68,87,53,135,135
2025-11-29 14:10:05,"NED University, Karachi",pm25,27.1,23.17,90,55,140,140
2025-11-29 15:10:06,"NED University, Karachi",pm25,27.13,22.33,82,52,134,134
2025-11-29 16:08:08,"NED University, Karachi",pm25,27,22.07,91,54,138,138
2025-11-29 17:21:09,"NED University, Karachi",pm25,26.3,24.87,105,59,155,155
2025-11-29 18:19:10,"NED University, Karachi",pm25,25.8,26.12,127,65,164,164
2025-11-29 19:09:11,"NED University, Karachi",pm25,25.5,26.02,119,64,161,161
2025-11-29 20:09:12,"NED University, Karachi",pm25,25.28,27.18,134,68,167,167
2025-11-29 21:12:14,"NED University, Karachi",pm25,24.03,28.63,140,70,168,168
2025-11-29 22:09:16,"NED University, Karachi",pm25,23.15,30.67,151,73,172,172
2025-11-29 23:15:53,"NED University, Karachi",pm25,22.93,30.42,134,69,166,166
2025-11-30 00:07:54,"NED University, Karachi",pm25,22.5,30.9,141,70,167,167
2025-11-30 01:11:55,"NED University, Karachi",pm25,21.9,31.93,151,75,173,173
2025-11-30 02:09:56,"NED University, Karachi",pm25,21.5,31.7,125,63,162,162
2025-11-30 03:09:58,"NED University, Karachi",pm25,21.2,31.63,116,63,161,161
2025-11-30 04:09:59,"NED University, Karachi",pm25,20.83,32.2,127,64,162,162
2025-11-30 06:06:01,"NED University, Karachi",pm25,20.5,31.77,100,58,153,153
2025-11-30 08:17:03,"NED University, Karachi",pm25,21,32.2,115,62,160,160
2025-11-30 09:27:05,"NED University, Karachi",pm25,22.5,30.47,152,74,173,173
2025-11-30 10:11:06,"NED University, Karachi",pm25,23,28.22,134,67,165,165
2025-11-30 11:18:07,"NED University, Karachi",pm25,25.38,26.18,119,61,157,157
2025-11-30 11:59:08,"NED University, Karachi",pm25,26.02,25.17,96,57,150,150
2025-11-30 13:13:56,"NED University, Karachi",pm25,27.1,23.27,83,50,126,126
2025-11-30 14:09:56,"NED University, Karachi",pm25,27.4,22.23,83,50,123,123
2025-11-30 15:09:57,"NED University, Karachi",pm25,27.2,22.33,78,45,115,115
2025-11-30 16:07:58,"NED University, Karachi",pm25,27.1,24.3,83,48,122,122
2025-11-30 17:21:00,"NED University, Karachi",pm25,26.4,29.62,94,56,150,150
2025-11-30 18:19:01,"NED University, Karachi",pm25,25.8,33.08,138,65,162,162
2025-11-30 19:08:02,"NED University, Karachi",pm25,25.8,31.13,131,63,161,161
2025-11-30 20:09:05,"NED University, Karachi",pm25,25.3,33.48,100,58,152,152
2025-11-30 21:12:04,"NED University, Karachi",pm25,24.8,35.8,142,68,167,167
2025-11-30 22:10:06,"NED University, Karachi",pm25,24.28,37.73,142,70,168,168
2025-11-30 23:15:07,"NED University, Karachi",pm25,23.62,38.7,162,87,186,186
2025-12-01 00:08:08,"NED University, Karachi",pm25,23.1,39.87,165,95,192,192
2025-12-01 01:13:09,"NED University, Karachi",pm25,22.82,40.57,170,102,201,201
2025-12-01 02:10:10,"NED University, Karachi",pm25,22.55,40.57,183,121,239,239
2025-12-01 03:11:11,"NED University, Karachi",pm25,22.3,39.83,182,122,239,239
2025-12-01 04:10:12,"NED University, Karachi",pm25,22.1,39.34,165,92,191,191
2025-12-01 06:10:14,"NED University, Karachi",pm25,21.4,40.53,154,76,174,174
2025-12-01 08:42:17,"NED University, Karachi",pm25,22.5,42.98,156,79,177,177
2025-12-01 09:40:18,"NED University, Karachi",pm25,24.12,44.08,162,87,186,186
2025-12-01 10:19:19,"NED University, Karachi",pm25,24.9,44.85,135,63,162,162
2025-12-01 11:20:20,"NED University, Karachi",pm25,25.67,43.13,128,61,159,159
2025-12-01 12:14:21,"NED University, Karachi",pm25,26.22,41.28,94,52,135,135
2025-12-01 13:18:22,"NED University, Karachi",pm25,26.9,38.32,79,44,115,115
2025-12-01 14:18:23,"NED University, Karachi",pm25,27.1,32.25,67,30,89,89
2025-12-01 15:14:24,"NED University, Karachi",pm25,27.1,27.35,69,32,94,94
2025-12-01 16:10:25,"NED University, Karachi",pm25,27.2,24.07,67,32,93,93
2025-12-01 17:24:27,"NED University, Karachi",pm25,26.37,21.83,70,33,93,93
2025-12-01 18:29:29,"NED University, Karachi",pm25,25.68,23.35,86,49,121,121
2025-12-01 19:12:29,"NED University, Karachi",pm25,25.4,26.32,85,47,118,118
2025-12-01 20:12:31,"NED University, Karachi",pm25,24.23,29.35,94,53,138,138
2025-12-01 21:16:32,"NED University, Karachi",pm25,23.3,31.52,136,62,161,161
2025-12-01 22:12:33,"NED University, Karachi",pm25,22.9,31.52,150,66,164,164
2025-12-01 23:19:34,"NED University, Karachi",pm25,22.6,31.87,118,59,155,155
2025-12-02 00:13:35,"NED University, Karachi",pm25,22.3,33.05,157,80,178,178
2025-12-02 01:11:36,"NED University, Karachi",pm25,22.4,34.09,153,75,174,174
2025-12-02 02:09:37,"NED University, Karachi",pm25,21.93,35.9,152,75,173,173
2025-12-02 03:10:38,"NED University, Karachi",pm25,21.37,36.5,148,69,167,167
2025-12-02 04:10:39,"NED University, Karachi",pm25,21.1,35.97,129,63,163,163
2025-12-02 05:59:42,"NED University, Karachi",pm25,20.6,36.08,120,60,157,157
2025-12-02 08:09:44,"NED University, Karachi",pm25,20.87,35.98,140,66,165,165
2025-12-02 09:20:45,"NED University, Karachi",pm25,22.02,34.03,167,95,194,194
2025-12-02 10:10:46,"NED University, Karachi",pm25,23.3,31.25,119,61,157,157
2025-12-02 11:19:48,"NED University, Karachi",pm25,25.2,30.08,95,56,143,143
2025-12-02 12:13:49,"NED University, Karachi",pm25,25.8,30.23,82,47,119,119
2025-12-02 13:17:50,"NED University, Karachi",pm25,26.67,24.95,42,24,74,74
2025-12-02 14:16:51,"NED University, Karachi",pm25,26.9,17.78,22,16,60,60
2025-12-02 15:13:52,"NED University, Karachi",pm25,27.1,19.2,61,27,85,85
2025-12-02 16:10:53,"NED University, Karachi",pm25,26.8,19.52,54,23,79,79
2025-12-02 17:25:54,"NED University, Karachi",pm25,26,33.73,92,53,137,137
2025-12-02 18:30:55,"NED University, Karachi",pm25,25.1,37.63,125,61,159,159
2025-12-02 19:12:56,"NED University, Karachi",pm25,24.7,39.32,125,61,158,158
2025-12-02 20:12:57,"NED University, Karachi",pm25,23.93,41.05,164,86,186,186
2025-12-02 20:35:58,"NED University, Karachi",pm25,23.6,36.83,164,89,189,189
2025-12-02 22:14:24,"NED University, Karachi",pm25,23.1,30.25,145,66,165,165
2025-12-02 23:17:27,"NED University, Karachi",pm25,22.5,30.92,152,70,169,169
2025-12-03 00:13:28,"NED University, Karachi",pm25,21.9,32.4,156,79,178,178
2025-12-03 01:14:29,"NED University, Karachi",pm25,21.75,31.3,148,68,166,166
2025-12-03 02:11:30,"NED University, Karachi",pm25,21.22,30.43,113,59,155,155
2025-12-03 03:08:31,"NED University, Karachi",pm25,20.9,30.28,113,60,155,155
2025-12-03 04:10:32,"NED University, Karachi",pm25,20.6,30.25,99,57,152,152
2025-12-03 06:00:34,"NED University, Karachi",pm25,19.95,29.75,96,55,140,140
2025-12-03 08:08:37,"NED University, Karachi",pm25,20.1,30.1,125,61,158,158
2025-12-03 09:19:38,"NED University, Karachi",pm25,21.8,26.68,140,63,162,162
2025-12-03 10:11:39,"NED University, Karachi",pm25,23,25.45,89,53,131,131
2025-12-03 11:19:40,"NED University, Karachi",pm25,25.4,19.95,70,34,96,96
2025-12-03 12:14:41,"NED University, Karachi",pm25,26.4,18.2,61,26,83,83
2025-12-03 13:17:43,"NED University, Karachi",pm25,27.33,16.95,57,27,83,83
2025-12-03 14:16:43,"NED University, Karachi",pm25,26.9,17.73,62,28,86,86
2025-12-03 15:13:45,"NED University, Karachi",pm25,26.8,16.85,51,24,77,77
2025-12-03 16:11:45,"NED University, Karachi",pm25,26.5,17.4,72,37,99,99
2025-12-03 17:24:46,"NED University, Karachi",pm25,26,20.6,94,53,138,138
2025-12-03 18:28:47,"NED University, Karachi",pm25,25.3,21.87,108,59,155,155
2025-12-03 19:12:48,"NED University, Karachi",pm25,24.5,22.77,96,56,143,143
2025-12-03 20:12:50,"NED University, Karachi",pm25,23.75,23.75,110,57,152,152
2025-12-03 21:17:51,"NED University, Karachi",pm25,23.27,23.8,94,54,141,141
2025-12-03 22:14:52,"NED University, Karachi",pm25,23.1,21.55,83,45,112,112
2025-12-03 23:18:53,"NED University, Karachi",pm25,22.35,22.8,78,45,110,110
2025-12-04 00:09:53,"NED University, Karachi",pm25,22.28,19.96,68,35,96,96
2025-12-04 01:14:54,"NED University, Karachi",pm25,21.9,21.25,71,35,96,96
2025-12-04 02:10:54,"NED University, Karachi",pm25,21.8,20.6,68,32,92,92
2025-12-04 03:11:55,"NED University, Karachi",pm25,21.4,22.82,72,41,107,107
2025-12-04 04:08:56,"NED University, Karachi",pm25,21.07,24.02,81,45,115,115
2025-12-04 05:59:57,"NED University, Karachi",pm25,20.29,26.8,82,45,115,115
2025-12-04 08:10:58,"NED University, Karachi",pm25,20.7,28.93,103,57,151,151
2025-12-04 09:22:00,"NED University, Karachi",pm25,22.6,25.68,140,63,163,163
2025-12-04 10:12:00,"NED University, Karachi",pm25,24.2,23.82,96,59,152,152
2025-12-04 11:19:01,"NED University, Karachi",pm25,25.8,22.5,87,52,130,130
2025-12-04 12:12:02,"NED University, Karachi",pm25,26.3,23.1,87,52,130,130
2025-12-04 12:45:03,"NED University, Karachi",pm25,26.7,23,85,51,127,127
2025-12-04 12:45:03,"NED University, Karachi",pm25,26.7,23,85,51,127,-
2025-12-04 22:14:28,"NED University, Karachi",pm25,21.53,31.23,120,61,159,159
2025-12-04 23:18:31,"NED University, Karachi",pm25,22.6,28.23,130,62,160,160
2025-12-05 00:13:31,"NED University, Karachi",pm25,22.33,28.72,143,67,166,166
2025-12-05 01:11:32,"NED University, Karachi",pm25,22.1,29.38,135,64,162,162
2025-12-05 02:11:32,"NED University, Karachi",pm25,21.77,30.55,140,66,165,165
2025-12-05 03:09:33,"NED University, Karachi",pm25,21.57,30.72,134,62,161,161
2025-12-05 04:10:34,"NED University, Karachi",pm25,21.22,31.1,135,65,163,163
2025-12-05 05:59:35,"NED University, Karachi",pm25,20.87,33.65,120,61,159,159
2025-12-05 08:10:37,"NED University, Karachi",pm25,20.6,34.3,123,61,159,159
2025-12-05 09:21:38,"NED University, Karachi",pm25,22.55,31.23,176,107,212,212
2025-12-05 10:12:38,"NED University, Karachi",pm25,23.7,26.73,162,86,184,184
2025-12-05 11:18:39,"NED University, Karachi",pm25,25.6,24.28,139,63,161,161
2025-12-05 12:13:40,"NED University, Karachi",pm25,26.25,25.52,95,55,140,140
2025-12-05 13:17:41,"NED University, Karachi",pm25,27,22.55,78,46,117,117
2025-12-05 14:12:42,"NED University, Karachi",pm25,27.4,20.97,72,41,101,101
2025-12-05 15:11:53,"NED University, Karachi",pm25,27.5,20.02,70,34,94,94
2025-12-05 16:11:53,"NED University, Karachi",pm25,27.1,23.7,95,55,142,142
2025-12-05 17:24:54,"NED University, Karachi",pm25,26,29.32,152,70,169,169
2025-12-05 18:25:55,"NED University, Karachi",pm25,25.4,33.2,156,78,177,177
2025-12-05 19:10:56,"NED University, Karachi",pm25,24.7,34.37,161,84,183,183
2025-12-05 20:12:56,"NED University, Karachi",pm25,24.42,32.23,151,69,168,168
2025-12-05 21:14:05,"NED University, Karachi",pm25,24.2,31.22,139,70,167,167
2025-12-05 22:11:06,"NED University, Karachi",pm25,23.1,32.32,150,71,169,169
2025-12-05 23:14:06,"NED University, Karachi",pm25,22.9,32.57,152,73,173,173
2025-12-06 00:09:07,"NED University, Karachi",pm25,22.5,32.95,140,68,167,167
2025-12-06 01:13:07,"NED University, Karachi",pm25,22.42,33.08,136,66,165,165
2025-12-06 02:10:08,"NED University, Karachi",pm25,22.2,33.8,130,63,161,161
2025-12-06 03:10:08,"NED University, Karachi",pm25,22.2,33.43,123,61,159,159
2025-12-06 04:10:09,"NED University, Karachi",pm25,22.25,32.45,133,64,163,163
2025-12-06 05:57:10,"NED University, Karachi",pm25,21,35.41,120,62,160,160
2025-12-06 07:37:11,"NED University, Karachi",pm25,21,34.62,123,61,159,159
2025-12-06 08:37:12,"NED University, Karachi",pm25,21.8,29.82,130,65,162,162
2025-12-06 09:12:12,"NED University, Karachi",pm25,22.62,28.05,108,60,156,156
2025-12-06 10:11:13,"NED University, Karachi",pm25,23.67,27.67,119,61,159,159
2025-12-06 11:17:13,"NED University, Karachi",pm25,24.9,25.5,98,57,152,152
2025-12-06 12:09:14,"NED University, Karachi",pm25,25.5,25.47,95,57,151,151
2025-12-06 13:14:16,"NED University, Karachi",pm25,26.3,24.73,99,58,152,152
2025-12-06 14:10:17,"NED University, Karachi",pm25,26.8,24.48,94,56,142,142
2025-12-06 15:10:17,"NED University, Karachi",pm25,26.8,24.28,92,53,137,137
2025-12-06 16:07:17,"NED University, Karachi",pm25,26.6,25.07,95,56,145,145
2025-12-06 17:20:19,"NED University, Karachi",pm25,26.1,25.77,99,58,152,152
2025-12-06 18:18:19,"NED University, Karachi",pm25,25.5,26.12,110,59,155,155
2025-12-06 19:09:19,"NED University, Karachi",pm25,24.9,28,122,62,160,160
2025-12-06 20:09:20,"NED University, Karachi",pm25,23.92,29.47,156,80,178,178
2025-12-06 21:12:26,"NED University, Karachi",pm25,22.7,31.1,148,71,169,169
2025-12-06 22:08:30,"NED University, Karachi",pm25,22.9,30.28,138,66,165,165
2025-12-06 23:14:30,"NED University, Karachi",pm25,22.5,30.88,151,73,171,171
2025-12-07 00:07:31,"NED University, Karachi",pm25,22.38,30.75,148,70,169,169
2025-12-07 01:10:31,"NED University, Karachi",pm25,22.13,30.37,129,65,163,163
2025-12-07 02:08:32,"NED University, Karachi",pm25,22,29.98,132,65,164,164
2025-12-07 03:09:32,"NED University, Karachi",pm25,21.5,30.48,124,63,161,161
2025-12-07 04:10:33,"NED University, Karachi",pm25,21.3,31.25,122,61,159,159
2025-12-07 06:06:34,"NED University, Karachi",pm25,20.6,31.65,100,58,152,152
2025-12-07 08:18:35,"NED University, Karachi",pm25,20.98,34.63,133,62,161,161
2025-12-07 09:25:36,"NED University, Karachi",pm25,22.53,29.73,147,69,167,167
2025-12-07 10:09:36,"NED University, Karachi",pm25,23.6,27.63,119,61,160,160
2025-12-07 11:16:37,"NED University, Karachi",pm25,25.5,25.58,98,57,151,151
2025-12-07 12:10:37,"NED University, Karachi",pm25,26.4,23.07,89,53,135,135
2025-12-07 13:14:38,"NED University, Karachi",pm25,27,21.03,82,48,121,121
2025-12-07 14:10:39,"NED University, Karachi",pm25,27.4,20.2,82,50,120,120
2025-12-07 15:09:39,"NED University, Karachi",pm25,27.5,19.6,77,44,113,113
2025-12-07 16:07:40,"NED University, Karachi",pm25,27.5,19.46,77,43,112,112
2025-12-07 17:20:41,"NED University, Karachi",pm25,26.1,26.47,83,49,119,119
2025-12-07 18:16:42,"NED University, Karachi",pm25,25.7,30.63,152,71,169,169
2025-12-07 19:09:42,"NED University, Karachi",pm25,24.77,34.37,157,79,177,177
2025-12-07 20:09:43,"NED University, Karachi",pm25,23.95,37.28,173,103,205,205
2025-12-07 21:11:44,"NED University, Karachi",pm25,23.37,39.05,188,123,242,242
2025-12-07 22:08:45,"NED University, Karachi",pm25,22.95,39.05,185,125,244,244
2025-12-07 23:15:46,"NED University, Karachi",pm25,22.7,33.9,157,81,179,179
2025-12-08 00:06:47,"NED University, Karachi",pm25,22.53,34.55,156,80,179,179
2025-12-08 01:11:47,"NED University, Karachi",pm25,22,34.72,158,84,184,184
2025-12-08 02:08:48,"NED University, Karachi",pm25,21.67,34.3,165,92,191,191
2025-12-08 03:09:49,"NED University, Karachi",pm25,21.33,34.13,150,70,168,168
2025-12-08 04:08:49,"NED University, Karachi",pm25,20.9,35.41,135,66,165,165
2025-12-08 05:59:50,"NED University, Karachi",pm25,20.5,35.52,133,67,165,165
2025-12-08 08:12:51,"NED University, Karachi",pm25,20.68,34.68,131,67,165,165
2025-12-08 09:24:53,"NED University, Karachi",pm25,22.6,31.93,155,77,176,176
2025-12-08 10:12:53,"NED University, Karachi",pm25,23.88,28.67,135,63,162,162
2025-12-08 11:21:54,"NED University, Karachi",pm25,26.2,25.25,87,52,130,130
2025-12-08 12:15:55,"NED University, Karachi",pm25,27.33,20.92,74,43,110,110
2025-12-08 13:17:56,"NED University, Karachi",pm25,27.7,21.02,74,42,109,109
2025-12-08 14:17:57,"NED University, Karachi",pm25,28.08,20.8,82,48,121,121
2025-12-08 15:13:00,"NED University, Karachi",pm25,28.27,20.9,70,37,100,100
2025-12-08 16:10:58,"NED University, Karachi",pm25,27.9,20.65,76,38,102,102
2025-12-08 17:24:59,"NED University, Karachi",pm25,26.8,23.77,83,48,121,121
2025-12-08 18:27:02,"NED University, Karachi",pm25,25.38,26.1,94,54,140,140
2025-12-08 19:13:02,"NED University, Karachi",pm25,25.12,26.57,151,70,169,169
2025-12-08 20:13:02,"NED University, Karachi",pm25,24.4,28.2,151,70,169,169
2025-12-08 21:15:04,"NED University, Karachi",pm25,23.82,27.85,155,76,173,173
2025-12-08 22:11:04,"NED University, Karachi",pm25,23.18,29.98,153,73,172,172
2025-12-08 23:18:05,"NED University, Karachi",pm25,22.9,29.17,110,59,154,154
2025-12-09 00:08:06,"NED University, Karachi",pm25,22.5,29.33,108,59,154,154
2025-12-09 01:12:06,"NED University, Karachi",pm25,22.3,29.28,89,53,132,132
2025-12-09 02:09:07,"NED University, Karachi",pm25,22.02,29.25,80,49,125,125
2025-12-09 03:11:07,"NED University, Karachi",pm25,21.47,30.03,89,52,131,131
2025-12-09 04:11:08,"NED University, Karachi",pm25,21.2,30.17,86,50,125,125
2025-12-09 06:01:09,"NED University, Karachi",pm25,20.7,31.83,76,42,107,107
2025-12-09 08:10:10,"NED University, Karachi",pm25,20.62,33.27,125,60,157,157
2025-12-09 09:19:11,"NED University, Karachi",pm25,22.8,29.12,100,56,142,142
2025-12-09 10:11:12,"NED University, Karachi",pm25,24,27.73,151,68,166,166
2025-12-09 11:20:13,"NED University, Karachi",pm25,26.1,25.37,140,62,162,162
2025-12-09 12:14:14,"NED University, Karachi",pm25,26.8,22.93,78,40,106,106
2025-12-09 13:17:15,"NED University, Karachi",pm25,27.75,20.97,87,50,124,124
2025-12-09 14:15:15,"NED University, Karachi",pm25,27.6,20.82,94,54,138,138
2025-12-09 15:14:16,"NED University, Karachi",pm25,28.4,18.1,32,19,65,65
2025-12-09 16:09:17,"NED University, Karachi",pm25,27.5,23.75,128,61,159,159
2025-12-09 17:26:18,"NED University, Karachi",pm25,26.42,28.48,140,65,164,164
2025-12-09 18:28:18,"NED University, Karachi",pm25,25.7,32.7,160,81,181,181
2025-12-09 19:13:19,"NED University, Karachi",pm25,25.23,33.32,165,89,187,187
2025-12-09 20:14:20,"NED University, Karachi",pm25,24.4,36.23,169,93,192,192
2025-12-09 21:15:21,"NED University, Karachi",pm25,23.42,40.55,191,129,254,254
2025-12-09 22:12:23,"NED University, Karachi",pm25,23.1,40.63,191,130,255,255
2025-12-09 23:15:23,"NED University, Karachi",pm25,22.58,40.45,198,141,278,278
2025-12-10 00:08:23,"NED University, Karachi",pm25,22.3,39.73,202,151,297,297
2025-12-10 01:11:24,"NED University, Karachi",pm25,21.93,39.47,215,164,318,318
2025-12-10 02:08:25,"NED University, Karachi",pm25,21.7,38.59,217,167,325,325
2025-12-10 03:11:25,"NED University, Karachi",pm25,21.1,37.83,187,128,253,253
2025-12-10 04:11:26,"NED University, Karachi",pm25,20.9,37.16,187,130,254,254
2025-12-10 06:00:27,"NED University, Karachi",pm25,20.37,36.48,164,89,188,188
2025-12-10 08:14:28,"NED University, Karachi",pm25,20.6,37.41,168,97,196,196
2025-12-10 09:25:30,"NED University, Karachi",pm25,23.1,33.22,204,145,284,284
2025-12-10 10:13:30,"NED University, Karachi",pm25,24.33,30.28,171,97,196,196
2025-12-10 11:20:31,"NED University, Karachi",pm25,26.15,23.28,126,60,156,156
2025-12-10 12:15:32,"NED University, Karachi",pm25,26.98,21.57,70,37,97,97
2025-12-10 13:17:33,"NED University, Karachi",pm25,27.38,19.77,49,23,76,76
2025-12-10 14:14:34,"NED University, Karachi",pm25,27.4,24.95,63,27,85,85
2025-12-10 15:14:35,"NED University, Karachi",pm25,27.9,23.2,58,24,79,79
2025-12-10 16:10:36,"NED University, Karachi",pm25,27.5,21.2,60,26,82,82
2025-12-10 17:26:37,"NED University, Karachi",pm25,26.75,22.4,64,26,85,85
2025-12-10 18:30:38,"NED University, Karachi",pm25,25.7,27.28,83,45,113,113
2025-12-10 19:14:38,"NED University, Karachi",pm25,24.68,30.07,105,56,148,148
2025-12-10 20:14:39,"NED University, Karachi",pm25,24,33.52,159,80,178,178
2025-12-10 21:18:21,"NED University, Karachi",pm25,23.5,37.18,184,118,235,235
2025-12-10 22:14:26,"NED University, Karachi",pm25,22.9,38.78,189,131,256,256
2025-12-10 23:19:27,"NED University, Karachi",pm25,22.5,38.68,194,140,271,271
2025-12-11 00:10:27,"NED University, Karachi",pm25,22.1,39.95,180,117,234,234
2025-12-11 01:13:28,"NED University, Karachi",pm25,21.83,40.47,167,95,193,193
2025-12-11 02:11:28,"NED University, Karachi",pm25,21.6,42.02,164,90,189,189
2025-12-11 03:11:29,"NED University, Karachi",pm25,21.4,42.37,157,78,178,178
2025-12-11 04:08:30,"NED University, Karachi",pm25,21.2,43.75,155,75,173,173
2025-12-11 06:01:30,"NED University, Karachi",pm25,20.8,44.65,133,63,161,161
2025-12-11 08:15:32,"NED University, Karachi",pm25,21.1,47,154,74,172,172
2025-12-11 09:27:33,"NED University, Karachi",pm25,23.4,45.43,180,112,223,223
2025-12-11 10:14:33,"NED University, Karachi",pm25,24.5,45.53,188,125,248,248
2025-12-11 11:19:34,"NED University, Karachi",pm25,25.4,45.52,177,110,219,219
2025-12-11 12:15:35,"NED University, Karachi",pm25,26.3,43.58,89,52,130,130
2025-12-11 13:09:42,"NED University, Karachi",pm25,26.73,42.67,85,48,121,121
2025-12-11 14:16:37,"NED University, Karachi",pm25,27,43.62,74,38,100,100
2025-12-11 15:13:37,"NED University, Karachi",pm25,27,44.88,68,31,92,92
2025-12-11 16:10:38,"NED University, Karachi",pm25,26.78,44.1,57,22,76,76
2025-12-11 17:27:39,"NED University, Karachi",pm25,26.12,47.57,65,28,87,87
2025-12-11 18:31:40,"NED University, Karachi",pm25,25.8,48.88,85,49,123,123
2025-12-11 19:14:41,"NED University, Karachi",pm25,25.5,49.67,96,55,140,140
2025-12-11 20:13:42,"NED University, Karachi",pm25,25.1,50.02,89,52,128,128
2025-12-11 21:17:45,"NED University, Karachi",pm25,25,51.7,115,58,153,153
2025-12-11 22:17:57,"NED University, Karachi",pm25,24.12,52.12,132,62,160,160
2025-12-11 23:15:58,"NED University, Karachi",pm25,23.5,52.9,167,95,195,195
2025-12-11 23:24:59,"NED University, Karachi",pm25,23.45,52.88,169,98,196,196
2025-12-12 01:14:37,"NED University, Karachi",pm25,22.28,55.1,178,109,217,217
2025-12-12 02:12:51,"NED University, Karachi",pm25,22.27,53.93,168,95,194,194
2025-12-12 03:11:54,"NED University, Karachi",pm25,22.23,53.13,173,101,201,201
2025-12-12 04:10:55,"NED University, Karachi",pm25,22,52.82,181,119,237,237
2025-12-12 06:01:56,"NED University, Karachi",pm25,21.62,53.15,179,117,232,232
2025-12-12 08:14:57,"NED University, Karachi",pm25,21.7,54.17,157,79,177,177
2025-12-12 09:25:58,"NED University, Karachi",pm25,23.27,52.58,166,90,189,189
2025-12-12 10:13:59,"NED University, Karachi",pm25,23.92,53.55,181,116,231,231
2025-12-12 11:19:00,"NED University, Karachi",pm25,25.5,46.92,101,56,144,144
2025-12-12 12:16:01,"NED University, Karachi",pm25,26.1,46.6,75,41,105,105
2025-12-12 13:18:01,"NED University, Karachi",pm25,26.6,43.52,29,16,60,60
2025-12-12 14:15:02,"NED University, Karachi",pm25,26.77,42.88,26,15,59,59
2025-12-12 15:12:03,"NED University, Karachi",pm25,26.77,43.1,27,17,63,63
2025-12-12 16:11:03,"NED University, Karachi",pm25,26.5,39.34,15,11,46,46
2025-12-12 17:26:04,"NED University, Karachi",pm25,26,40.08,31,18,63,63
2025-12-12 18:29:05,"NED University, Karachi",pm25,25.5,43.88,29,19,68,68
2025-12-12 19:12:06,"NED University, Karachi",pm25,25.3,44.9,35,21,69,69
2025-12-12 20:13:12,"NED University, Karachi",pm25,25.2,45.32,57,26,81,81
2025-12-12 21:14:08,"NED University, Karachi",pm25,24.9,46.5,99,56,142,142
